{"files":{"application-aad52496a6dda67ff6ad06bd7d32ddca.js":{"logical_path":"application.js","mtime":"2014-06-10T15:41:44+05:00","size":301917,"digest":"aad52496a6dda67ff6ad06bd7d32ddca"},"application-104c25a81d58628a5ab4e27aadb76688.css":{"logical_path":"application.css","mtime":"2014-06-10T15:41:44+05:00","size":650,"digest":"104c25a81d58628a5ab4e27aadb76688"}},"assets":{"application.js":"application-aad52496a6dda67ff6ad06bd7d32ddca.js","application.css":"application-104c25a81d58628a5ab4e27aadb76688.css"}}